"CUSIP","Security Type","Security Term","Auction Date","Issue Date","Maturity Date","Price per $100","Interest Payment Frequency","Interest Rate"
"912794ET7","Bill","13-Week","12/27/1983","12/29/1983","03/29/1984","","",""
"912794FD1","Bill","26-Week","12/27/1983","12/29/1983","06/28/1984","","",""
"912794FL3","Bill","52-Week","12/22/1983","12/29/1983","12/27/1984","","",""
"912827QG0","Note","2-Year","12/21/1983","01/03/1984","12/31/1985","","Semi-Annual","10.875%"
"912794EE0","Bill","13-Week","12/19/1983","12/22/1983","03/22/1984","","",""
"912794FC3","Bill","26-Week","12/19/1983","12/22/1983","06/21/1984","","",""
"912794ES9","Bill","13-Week","12/12/1983","12/15/1983","03/15/1984","","",""
"912794EH3","Bill","26-Week","12/12/1983","12/15/1983","06/14/1984","","",""
"912794ER1","Bill","13-Week","12/05/1983","12/08/1983","03/08/1984","","",""
"912794FB5","Bill","26-Week","12/05/1983","12/08/1983","06/07/1984","","",""
"912794EB6","Bill","17-Day","12/01/1983","12/05/1983","12/22/1983","","",""
"912794EM2","Bill","62-Day","11/30/1983","12/02/1983","02/02/1984","","",""
"912794EX8","Bill","153-Day","11/30/1983","12/02/1983","05/03/1984","","",""
"912827QF2","Note","5-Year 2-Month","11/29/1983","12/01/1983","02/15/1989","","Semi-Annual","11.375%"
"912794EQ3","Bill","13-Week","11/28/1983","12/01/1983","03/01/1984","","",""
"912794FA7","Bill","26-Week","11/28/1983","12/01/1983","05/31/1984","","",""
"912794FK5","Bill","52-Week","11/23/1983","12/01/1983","11/29/1984","","",""
"912827QE5","Note","2-Year","11/22/1983","11/30/1983","11/30/1985","","Semi-Annual","10.500%"
"912794ED2","Bill","13-Week","11/21/1983","11/25/1983","02/23/1984","","",""
"912794EZ3","Bill","26-Week","11/21/1983","11/25/1983","05/24/1984","","",""
"912794EP5","Bill","13-Week","11/14/1983","11/17/1983","02/16/1984","","",""
"912794EG5","Bill","26-Week","11/14/1983","11/17/1983","05/17/1984","","",""
"912810DF2","Bond","29-Year 9-Month","11/10/1983","11/15/1983","08/15/2013","","Semi-Annual","12.000%"
"912827QD7","Note","10-Year","11/09/1983","11/15/1983","11/15/1993","","Semi-Annual","11.750%"
"912827QC9","Note","3-Year","11/07/1983","11/15/1983","11/15/1986","","Semi-Annual","11.000%"
"912794EN0","Bill","13-Week","11/07/1983","11/10/1983","02/09/1984","","",""
"912794EY6","Bill","26-Week","11/07/1983","11/10/1983","05/10/1984","","",""
"912794FJ8","Bill","52-Week","11/01/1983","11/03/1983","11/01/1984","","",""
"912794EM2","Bill","13-Week","10/31/1983","11/03/1983","02/02/1984","","",""
"912794EX8","Bill","26-Week","10/31/1983","11/03/1983","05/03/1984","","",""
"912794EC4","Bill","13-Week","10/24/1983","10/27/1983","01/26/1984","","",""
"912794EW0","Bill","26-Week","10/24/1983","10/27/1983","04/26/1984","","",""
"912827QB1","Note","2-Year","10/19/1983","10/31/1983","10/31/1985","","Semi-Annual","10.500%"
"912794EL4","Bill","13-Week","10/17/1983","10/20/1983","01/19/1984","","",""
"912794EF7","Bill","26-Week","10/17/1983","10/20/1983","04/19/1984","","",""
"912794EK6","Bill","13-Week","10/11/1983","10/13/1983","01/12/1984","","",""
"912794EV2","Bill","26-Week","10/11/1983","10/13/1983","04/12/1984","","",""
"912794EJ9","Bill","13-Week","10/03/1983","10/06/1983","01/05/1984","","",""
"912794EU4","Bill","26-Week","10/03/1983","10/06/1983","04/05/1984","","",""
"912794FH2","Bill","52-Week","09/29/1983","10/06/1983","10/04/1984","","",""
"912794DG6","Bill","13-Week","09/26/1983","09/29/1983","12/29/1983","","",""
"912794ET7","Bill","26-Week","09/26/1983","09/29/1983","03/29/1984","","",""
"912810DG0","Bond","20-Year 1-Month","09/22/1983","10/05/1983","11/15/2003","","Semi-Annual","11.875%"
"912827QA3","Note","7-Year","09/21/1983","10/05/1983","10/15/1990","","Semi-Annual","11.500%"
"912827PZ9","Note","4-Year","09/20/1983","09/30/1983","09/30/1987","","Semi-Annual","11.125%"
"912794EB6","Bill","13-Week","09/19/1983","09/22/1983","12/22/1983","","",""
"912794EE0","Bill","26-Week","09/19/1983","09/22/1983","03/22/1984","","",""
"912827PY2","Note","2-Year","09/14/1983","09/30/1983","09/30/1985","","Semi-Annual","10.875%"
"912794EA8","Bill","13-Week","09/12/1983","09/15/1983","12/15/1983","","",""
"912794ES9","Bill","26-Week","09/12/1983","09/15/1983","03/15/1984","","",""
"912794DZ4","Bill","13-Week","09/06/1983","09/08/1983","12/08/1983","","",""
"912794ER1","Bill","26-Week","09/06/1983","09/08/1983","03/08/1984","","",""
"912794FG4","Bill","52-Week","09/01/1983","09/08/1983","09/06/1984","","",""
"912827PX4","Note","5-Year 2-Month","08/31/1983","09/06/1983","11/15/1988","","Semi-Annual","11.750%"
"912794DF8","Bill","13-Week","08/29/1983","09/01/1983","12/01/1983","","",""
"912794EQ3","Bill","26-Week","08/29/1983","09/01/1983","03/01/1984","","",""
"912827PW6","Note","2-Year","08/24/1983","08/31/1983","08/31/1985","","Semi-Annual","10.625%"
"912794DY7","Bill","13-Week","08/22/1983","08/25/1983","11/25/1983","","",""
"912794ED2","Bill","26-Week","08/22/1983","08/25/1983","02/23/1984","","",""
"912794DX9","Bill","13-Week","08/15/1983","08/18/1983","11/17/1983","","",""
"912794EP5","Bill","26-Week","08/15/1983","08/18/1983","02/16/1984","","",""
"912794FF6","Bill","52-Week","08/09/1983","08/11/1983","08/09/1984","","",""
"912794DW1","Bill","13-Week","08/08/1983","08/11/1983","11/10/1983","","",""
"912794EN0","Bill","26-Week","08/08/1983","08/11/1983","02/09/1984","","",""
"912810DF2","Bond","30-Year","08/04/1983","08/15/1983","08/15/2013","","Semi-Annual","12.000%"
"912827PV8","Note","10-Year","08/03/1983","08/15/1983","08/15/1993","","Semi-Annual","11.875%"
"912827PU0","Note","3-Year","08/02/1983","08/15/1983","08/15/1986","","Semi-Annual","11.375%"
"912794DE1","Bill","13-Week","08/01/1983","08/04/1983","11/03/1983","","",""
"912794EM2","Bill","26-Week","08/01/1983","08/04/1983","02/02/1984","","",""
"912794DV3","Bill","13-Week","07/25/1983","07/28/1983","10/27/1983","","",""
"912794EC4","Bill","26-Week","07/25/1983","07/28/1983","01/26/1984","","",""
"912827PT3","Note","2-Year","07/20/1983","08/01/1983","07/31/1985","","Semi-Annual","10.625%"
"912794DU5","Bill","13-Week","07/18/1983","07/21/1983","10/20/1983","","",""
"912794EL4","Bill","26-Week","07/18/1983","07/21/1983","01/19/1984","","",""
"912794DT8","Bill","13-Week","07/11/1983","07/14/1983","10/13/1983","","",""
"912794EK6","Bill","26-Week","07/11/1983","07/14/1983","01/12/1984","","",""
"912794FE9","Bill","52-Week","07/07/1983","07/14/1983","07/12/1984","","",""
"912794DD3","Bill","13-Week","07/05/1983","07/07/1983","10/06/1983","","",""
"912794EJ9","Bill","26-Week","07/05/1983","07/07/1983","01/05/1984","","",""
"912794DS0","Bill","13-Week","06/27/1983","06/30/1983","09/29/1983","","",""
"912794DG6","Bill","26-Week","06/27/1983","06/30/1983","12/29/1983","","",""
"912810DE5","Bond","20-Year 1-Month","06/23/1983","07/05/1983","08/15/2003","","Semi-Annual","11.125%"
"912827PS5","Note","7-Year","06/22/1983","07/05/1983","07/15/1990","","Semi-Annual","10.750%"
"912827PR7","Note","4-Year","06/21/1983","06/30/1983","06/30/1987","","Semi-Annual","10.500%"
"912794DR2","Bill","13-Week","06/20/1983","06/23/1983","09/22/1983","","",""
"912794EB6","Bill","26-Week","06/20/1983","06/23/1983","12/22/1983","","",""
"912827PQ9","Note","2-Year","06/15/1983","06/30/1983","06/30/1985","","Semi-Annual","10.000%"
"912794DQ4","Bill","13-Week","06/13/1983","06/16/1983","09/15/1983","","",""
"912794EA8","Bill","26-Week","06/13/1983","06/16/1983","12/15/1983","","",""
"912794EH3","Bill","52-Week","06/09/1983","06/16/1983","06/14/1984","","",""
"912794DC5","Bill","13-Week","06/06/1983","06/09/1983","09/08/1983","","",""
"912794DZ4","Bill","26-Week","06/06/1983","06/09/1983","12/08/1983","","",""
"912794DM3","Bill","73-Day","06/02/1983","06/06/1983","08/18/1983","","",""
"912794DX9","Bill","164-Day","06/02/1983","06/06/1983","11/17/1983","","",""
"912827PP1","Note","5-Year 2-Month","06/01/1983","06/03/1983","08/15/1988","","Semi-Annual","10.500%"
"912794DP6","Bill","13-Week","05/31/1983","06/02/1983","09/01/1983","","",""
"912794DF8","Bill","26-Week","05/31/1983","06/02/1983","12/01/1983","","",""
"912794CD4","Bill","15-Day","05/27/1983","06/01/1983","06/16/1983","","",""
"912827PN6","Note","2-Year","05/26/1983","05/31/1983","05/31/1985","","Semi-Annual","9.875%"
"912794DN1","Bill","13-Week","05/23/1983","05/26/1983","08/25/1983","","",""
"912794DY7","Bill","26-Week","05/23/1983","05/26/1983","11/25/1983","","",""
"912794DM3","Bill","13-Week","05/16/1983","05/19/1983","08/18/1983","","",""
"912794DX9","Bill","26-Week","05/16/1983","05/19/1983","11/17/1983","","",""
"912794EG5","Bill","52-Week","05/12/1983","05/19/1983","05/17/1984","","",""
"912794DB7","Bill","13-Week","05/09/1983","05/12/1983","08/11/1983","","",""
"912794DW1","Bill","26-Week","05/09/1983","05/12/1983","11/10/1983","","",""
"912810DB1","Bond","29-Year 6-Month","05/05/1983","05/16/1983","11/15/2012","","Semi-Annual","10.375%"
"912827PM8","Note","10-Year","05/04/1983","05/16/1983","05/15/1993","","Semi-Annual","10.125%"
"912827PL0","Note","3-Year","05/03/1983","05/16/1983","05/15/1986","","Semi-Annual","9.375%"
"912794DL5","Bill","13-Week","05/02/1983","05/05/1983","08/04/1983","","",""
"912794DE1","Bill","26-Week","05/02/1983","05/05/1983","11/03/1983","","",""
"912794DK7","Bill","13-Week","04/25/1983","04/28/1983","07/28/1983","","",""
"912794DV3","Bill","26-Week","04/25/1983","04/28/1983","10/27/1983","","",""
"912827PK2","Note","2-Year","04/20/1983","05/02/1983","04/30/1985","","Semi-Annual","9.500%"
"912794DJ0","Bill","13-Week","04/18/1983","04/21/1983","07/21/1983","","",""
"912794DU5","Bill","26-Week","04/18/1983","04/21/1983","10/20/1983","","",""
"912794EF7","Bill","52-Week","04/14/1983","04/21/1983","04/19/1984","","",""
"912794DA9","Bill","13-Week","04/11/1983","04/14/1983","07/14/1983","","",""
"912794DT8","Bill","26-Week","04/11/1983","04/14/1983","10/13/1983","","",""
"912794CB8","Bill","10-Day","04/06/1983","04/11/1983","04/21/1983","","",""
"912794DH4","Bill","13-Week","04/04/1983","04/07/1983","07/07/1983","","",""
"912794DD3","Bill","26-Week","04/04/1983","04/07/1983","10/06/1983","","",""
"912794CZ5","Bill","13-Week","03/28/1983","03/31/1983","06/30/1983","","",""
"912794DS0","Bill","26-Week","03/28/1983","03/31/1983","09/29/1983","","",""
"912810DD7","Bond","20-Year 1-Month","03/24/1983","04/04/1983","05/15/2003","","Semi-Annual","10.750%"
"912827PJ5","Note","7-Year","03/23/1983","04/04/1983","04/15/1990","","Semi-Annual","10.500%"
"912827PH9","Note","4-Year","03/22/1983","03/31/1983","03/31/1987","","Semi-Annual","10.250%"
"912794CY8","Bill","13-Week","03/21/1983","03/24/1983","06/23/1983","","",""
"912794DR2","Bill","26-Week","03/21/1983","03/24/1983","09/22/1983","","",""
"912794EE0","Bill","52-Week","03/17/1983","03/24/1983","03/22/1984","","",""
"912827PG1","Note","2-Year","03/16/1983","03/31/1983","03/31/1985","","Semi-Annual","9.625%"
"912794CD4","Bill","13-Week","03/14/1983","03/17/1983","06/16/1983","","",""
"912794DQ4","Bill","26-Week","03/14/1983","03/17/1983","09/15/1983","","",""
"912794CX0","Bill","13-Week","03/07/1983","03/10/1983","06/09/1983","","",""
"912794DC5","Bill","26-Week","03/07/1983","03/10/1983","09/08/1983","","",""
"912794CB8","Bill","45-Day","03/02/1983","03/07/1983","04/21/1983","","",""
"912794CW2","Bill","13-Week","02/28/1983","03/03/1983","06/02/1983","","",""
"912794DP6","Bill","26-Week","02/28/1983","03/03/1983","09/01/1983","","",""
"912827PF3","Note","5-Year 2-Month","02/23/1983","03/01/1983","05/15/1988","","Semi-Annual","9.875%"
"912794CV4","Bill","13-Week","02/22/1983","02/24/1983","05/26/1983","","",""
"912794DN1","Bill","26-Week","02/22/1983","02/24/1983","08/25/1983","","",""
"912794ED2","Bill","52-Week","02/17/1983","02/24/1983","02/23/1984","","",""
"912827PE6","Note","2-Year","02/16/1983","02/28/1983","02/28/1985","","Semi-Annual","9.625%"
"912794CC6","Bill","13-Week","02/14/1983","02/17/1983","05/19/1983","","",""
"912794DM3","Bill","26-Week","02/14/1983","02/17/1983","08/18/1983","","",""
"912794CU6","Bill","13-Week","02/07/1983","02/10/1983","05/12/1983","","",""
"912794DB7","Bill","26-Week","02/07/1983","02/10/1983","08/11/1983","","",""
"912810DB1","Bond","29-Year 9-Month","02/03/1983","02/15/1983","11/15/2012","","Semi-Annual","10.375%"
"912827PD8","Note","10-Year","02/02/1983","02/15/1983","02/15/1993","","Semi-Annual","10.875%"
"912827PC0","Note","3-Year","02/01/1983","02/15/1983","02/15/1986","","Semi-Annual","9.875%"
"912794CT9","Bill","13-Week","01/31/1983","02/03/1983","05/05/1983","","",""
"912794DL5","Bill","26-Week","01/31/1983","02/03/1983","08/04/1983","","",""
"912794CS1","Bill","13-Week","01/24/1983","01/27/1983","04/28/1983","","",""
"912794DK7","Bill","26-Week","01/24/1983","01/27/1983","07/28/1983","","",""
"912794EC4","Bill","52-Week","01/20/1983","01/27/1983","01/26/1984","","",""
"912827PB2","Note","2-Year","01/19/1983","01/31/1983","01/31/1985","","Semi-Annual","9.250%"
"912794CB8","Bill","13-Week","01/17/1983","01/20/1983","04/21/1983","","",""
"912794DJ0","Bill","26-Week","01/17/1983","01/20/1983","07/21/1983","","",""
"912794CR3","Bill","13-Week","01/10/1983","01/13/1983","04/14/1983","","",""
"912794DA9","Bill","26-Week","01/10/1983","01/13/1983","07/14/1983","","",""
"912794CQ5","Bill","13-Week","01/03/1983","01/06/1983","04/07/1983","","",""
"912794DH4","Bill","26-Week","01/03/1983","01/06/1983","07/07/1983","","",""
"912794CP7","Bill","13-Week","12/27/1982","12/30/1982","03/31/1983","","",""
"912794CZ5","Bill","26-Week","12/27/1982","12/30/1982","06/30/1983","","",""
"912794DG6","Bill","52-Week","12/23/1982","12/30/1982","12/29/1983","","",""
"912810DC9","Bond","20-Year 1-Month","12/22/1982","01/04/1983","02/15/2003","","Semi-Annual","10.750%"
"912827PA4","Note","7-Year","12/21/1982","01/04/1983","01/15/1990","","Semi-Annual","10.500%"
"912794CA0","Bill","13-Week","12/20/1982","12/23/1982","03/24/1983","","",""
"912794CY8","Bill","26-Week","12/20/1982","12/23/1982","06/23/1983","","",""
"912827NZ1","Note","4-Year","12/16/1982","12/31/1982","12/31/1986","","Semi-Annual","10.000%"
"912827NY4","Note","2-Year","12/15/1982","12/31/1982","12/31/1984","","Semi-Annual","9.375%"
"912794CN2","Bill","13-Week","12/13/1982","12/16/1982","03/17/1983","","",""
"912794CD4","Bill","26-Week","12/13/1982","12/16/1982","06/16/1983","","",""
"912794CM4","Bill","13-Week","12/06/1982","12/09/1982","03/10/1983","","",""
"912794CX0","Bill","26-Week","12/06/1982","12/09/1982","06/09/1983","","",""
"912794CS1","Bill","143-Day","11/30/1982","12/06/1982","04/28/1983","","",""
"912794CG7","Bill","50-Day","11/30/1982","12/01/1982","01/20/1983","","",""
"912794CL6","Bill","13-Week","11/29/1982","12/02/1982","03/03/1983","","",""
"912794CW2","Bill","26-Week","11/29/1982","12/02/1982","06/02/1983","","",""
"912794DF8","Bill","52-Week","11/24/1982","12/02/1982","12/01/1983","","",""
"912827NX6","Note","5-Year 2-Month","11/23/1982","12/02/1982","02/15/1988","","Semi-Annual","10.125%"
"912794BZ6","Bill","13-Week","11/22/1982","11/26/1982","02/24/1983","","",""
"912794CV4","Bill","26-Week","11/22/1982","11/26/1982","05/26/1983","","",""
"912827NW8","Note","2-Year","11/17/1982","11/30/1982","11/30/1984","","Semi-Annual","9.875%"
"912794CK8","Bill","13-Week","11/15/1982","11/18/1982","02/17/1983","","",""
"912794CC6","Bill","26-Week","11/15/1982","11/18/1982","05/19/1983","","",""
"912794BY9","Bill","73-Day","11/12/1982","11/15/1982","01/27/1983","","",""
"912810DB1","Bond","30-Year","11/09/1982","11/15/1982","11/15/2012","","Semi-Annual","10.375%"
"912794CJ1","Bill","13-Week","11/08/1982","11/12/1982","02/10/1983","","",""
"912794CU6","Bill","26-Week","11/08/1982","11/12/1982","05/12/1983","","",""
"912827NV0","Note","10-Year","11/04/1982","11/15/1982","11/15/1992","","Semi-Annual","10.500%"
"912827NU2","Note","3-Year","11/03/1982","11/15/1982","11/15/1985","","Semi-Annual","9.750%"
"912794CH5","Bill","13-Week","11/01/1982","11/04/1982","02/03/1983","","",""
"912794CT9","Bill","26-Week","11/01/1982","11/04/1982","05/05/1983","","",""
"912794DE1","Bill","52-Week","10/28/1982","11/04/1982","11/03/1983","","",""
"912794BY9","Bill","13-Week","10/25/1982","10/28/1982","01/27/1983","","",""
"912794CS1","Bill","26-Week","10/25/1982","10/28/1982","04/28/1983","","",""
"912827NT5","Note","2-Year","10/20/1982","11/01/1982","10/31/1984","","Semi-Annual","9.750%"
"912794CG7","Bill","13-Week","10/18/1982","10/21/1982","01/20/1983","","",""
"912794CB8","Bill","26-Week","10/18/1982","10/21/1982","04/21/1983","","",""
"912794CF9","Bill","13-Week","10/12/1982","10/14/1982","01/13/1983","","",""
"912794CR3","Bill","26-Week","10/12/1982","10/14/1982","04/14/1983","","",""
"912794CE2","Bill","13-Week","10/04/1982","10/07/1982","01/06/1983","","",""
"912794CQ5","Bill","26-Week","10/04/1982","10/07/1982","04/07/1983","","",""
"912794DD3","Bill","52-Week","09/30/1982","10/07/1982","10/06/1983","","",""
"912794BC7","Bill","13-Week","09/27/1982","09/30/1982","12/30/1982","","",""
"912794CP7","Bill","26-Week","09/27/1982","09/30/1982","03/31/1983","","",""
"912810DA3","Bond","20-Year 1-Month","09/23/1982","09/29/1982","11/15/2002","","Semi-Annual","11.625%"
"912827NS7","Note","7-Year","09/22/1982","09/29/1982","10/15/1989","","Semi-Annual","11.875%"
"912827NR9","Note","4-Year","09/21/1982","09/30/1982","09/30/1986","","Semi-Annual","12.250%"
"912794BX1","Bill","13-Week","09/20/1982","09/23/1982","12/23/1982","","",""
"912794CA0","Bill","26-Week","09/20/1982","09/23/1982","03/24/1983","","",""
"912827LC4","Note","2-Year","09/15/1982","09/30/1982","09/30/1984","","Semi-Annual","12.125%"
"912794BW3","Bill","13-Week","09/13/1982","09/16/1982","12/16/1982","","",""
"912794CN2","Bill","26-Week","09/13/1982","09/16/1982","03/17/1983","","",""
"912794BV5","Bill","13-Week","09/07/1982","09/09/1982","12/09/1982","","",""
"912794CM4","Bill","26-Week","09/07/1982","09/09/1982","03/10/1983","","",""
"912794DC5","Bill","52-Week","09/02/1982","09/09/1982","09/08/1983","","",""
"912794BL7","Bill","13-Day","09/01/1982","09/03/1982","09/16/1982","","",""
"912827NP3","Note","5-Year 2-Month","08/31/1982","09/07/1982","11/15/1987","","Semi-Annual","12.625%"
"912794BB9","Bill","13-Week","08/30/1982","09/02/1982","12/02/1982","","",""
"912794CL6","Bill","26-Week","08/30/1982","09/02/1982","03/03/1983","","",""
"912827NN8","Note","2-Year","08/25/1982","08/31/1982","08/31/1984","","Semi-Annual","11.625%"
"912794BU7","Bill","13-Week","08/23/1982","08/26/1982","11/26/1982","","",""
"912794BZ6","Bill","26-Week","08/23/1982","08/26/1982","02/24/1983","","",""
"912794BT0","Bill","13-Week","08/16/1982","08/19/1982","11/18/1982","","",""
"912794CK8","Bill","26-Week","08/16/1982","08/19/1982","02/17/1983","","",""
"912794BS2","Bill","13-Week","08/09/1982","08/12/1982","11/12/1982","","",""
"912794CJ1","Bill","26-Week","08/09/1982","08/12/1982","02/10/1983","","",""
"912794DB7","Bill","52-Week","08/05/1982","08/12/1982","08/11/1983","","",""
"912827NE8","Note","9-Year 9-Month","08/04/1982","08/16/1982","05/15/1992","","Semi-Annual","13.750%"
"912827NM0","Note","3-Year","08/03/1982","08/16/1982","08/15/1985","","Semi-Annual","13.125%"
"912794BA1","Bill","13-Week","08/02/1982","08/05/1982","11/04/1982","","",""
"912794CH5","Bill","26-Week","08/02/1982","08/05/1982","02/03/1983","","",""
"912794BL7","Bill","43-Day","07/29/1982","08/04/1982","09/16/1982","","",""
"912794BR4","Bill","13-Week","07/26/1982","07/29/1982","10/28/1982","","",""
"912794BY9","Bill","26-Week","07/26/1982","07/29/1982","01/27/1983","","",""
"912827NL2","Note","2-Year","07/21/1982","08/02/1982","07/31/1984","","Semi-Annual","13.125%"
"912794BQ6","Bill","13-Week","07/19/1982","07/22/1982","10/21/1982","","",""
"912794CG7","Bill","26-Week","07/19/1982","07/22/1982","01/20/1983","","",""
"912794BP8","Bill","13-Week","07/12/1982","07/15/1982","10/14/1982","","",""
"912794CF9","Bill","26-Week","07/12/1982","07/15/1982","01/13/1983","","",""
"912794DA9","Bill","52-Week","07/08/1982","07/15/1982","07/14/1983","","",""
"912794AZ7","Bill","13-Week","07/06/1982","07/08/1982","10/07/1982","","",""
"912794CE2","Bill","26-Week","07/06/1982","07/08/1982","01/06/1983","","",""
"912827NK4","Note","7-Year","07/01/1982","07/08/1982","07/15/1989","","Semi-Annual","14.500%"
"912827NJ7","Note","4-Year","06/29/1982","07/06/1982","06/30/1986","","Semi-Annual","14.875%"
"912794BN3","Bill","13-Week","06/28/1982","07/01/1982","09/30/1982","","",""
"912794BC7","Bill","26-Week","06/28/1982","07/01/1982","12/30/1982","","",""
"912794BM5","Bill","13-Week","06/21/1982","06/24/1982","09/23/1982","","",""
"912794BX1","Bill","26-Week","06/21/1982","06/24/1982","12/23/1982","","",""
"912827NH1","Note","2-Year","06/16/1982","06/30/1982","06/30/1984","","Semi-Annual","14.375%"
"912794BL7","Bill","13-Week","06/14/1982","06/17/1982","09/16/1982","","",""
"912794BW3","Bill","26-Week","06/14/1982","06/17/1982","12/16/1982","","",""
"912794CD4","Bill","52-Week","06/10/1982","06/17/1982","06/16/1983","","",""
"912794AY0","Bill","13-Week","06/07/1982","06/10/1982","09/09/1982","","",""
"912794BV5","Bill","26-Week","06/07/1982","06/10/1982","12/09/1982","","",""
"9127937J9","Bill","14-Day","06/01/1982","06/03/1982","06/17/1982","","",""
"912794BK9","Bill","13-Week","05/28/1982","06/03/1982","09/02/1982","","",""
"912794BB9","Bill","26-Week","05/28/1982","06/03/1982","12/02/1982","","",""
"912827NG3","Note","5-Year 2-Month","05/25/1982","06/02/1982","08/15/1987","","Semi-Annual","13.750%"
"912794BJ2","Bill","13-Week","05/24/1982","05/27/1982","08/26/1982","","",""
"912794BU7","Bill","26-Week","05/24/1982","05/27/1982","11/26/1982","","",""
"912827NF5","Note","2-Year","05/19/1982","06/01/1982","05/31/1984","","Semi-Annual","13.750%"
"912794BH6","Bill","13-Week","05/17/1982","05/20/1982","08/19/1982","","",""
"912794BT0","Bill","26-Week","05/17/1982","05/20/1982","11/18/1982","","",""
"912794CC6","Bill","52-Week","05/13/1982","05/20/1982","05/19/1983","","",""
"912794AX2","Bill","13-Week","05/10/1982","05/13/1982","08/12/1982","","",""
"912794BS2","Bill","26-Week","05/10/1982","05/13/1982","11/12/1982","","",""
"912827NE8","Note","10-Year","05/05/1982","05/17/1982","05/15/1992","","Semi-Annual","13.750%"
"912827ND0","Note","3-Year","05/04/1982","05/17/1982","05/15/1985","","Semi-Annual","14.125%"
"912794BG8","Bill","13-Week","05/03/1982","05/06/1982","08/05/1982","","",""
"912794BA1","Bill","26-Week","05/03/1982","05/06/1982","11/04/1982","","",""
"912794BF0","Bill","13-Week","04/26/1982","04/29/1982","07/29/1982","","",""
"912794BR4","Bill","26-Week","04/26/1982","04/29/1982","10/28/1982","","",""
"912827NC2","Note","2-Year","04/21/1982","04/30/1982","04/30/1984","","Semi-Annual","13.875%"
"912794BE3","Bill","13-Week","04/19/1982","04/22/1982","07/22/1982","","",""
"912794BQ6","Bill","26-Week","04/19/1982","04/22/1982","10/21/1982","","",""
"912794CB8","Bill","52-Week","04/15/1982","04/22/1982","04/21/1983","","",""
"912794AW4","Bill","13-Week","04/12/1982","04/15/1982","07/15/1982","","",""
"912794BP8","Bill","26-Week","04/12/1982","04/15/1982","10/14/1982","","",""
"912794BD5","Bill","13-Week","04/05/1982","04/08/1982","07/08/1982","","",""
"912794AZ7","Bill","26-Week","04/05/1982","04/08/1982","10/07/1982","","",""
"912827NB4","Note","7-Year","03/31/1982","04/07/1982","04/15/1989","","Semi-Annual","14.375%"
"9127937G5","Bill","20-Day","03/30/1982","04/02/1982","04/22/1982","","",""
"912794AV6","Bill","13-Week","03/29/1982","04/01/1982","07/01/1982","","",""
"912794BN3","Bill","26-Week","03/29/1982","04/01/1982","09/30/1982","","",""
"912827NA6","Note","4-Year","03/24/1982","03/31/1982","03/31/1986","","Semi-Annual","14.000%"
"912794AU8","Bill","13-Week","03/22/1982","03/25/1982","06/24/1982","","",""
"912794BM5","Bill","26-Week","03/22/1982","03/25/1982","09/23/1982","","",""
"912794CA0","Bill","52-Week","03/18/1982","03/25/1982","03/24/1983","","",""
"912827MZ2","Note","2-Year","03/17/1982","03/31/1982","03/31/1984","","Semi-Annual","14.125%"
"9127937J9","Bill","13-Week","03/15/1982","03/18/1982","06/17/1982","","",""
"912794BL7","Bill","26-Week","03/15/1982","03/18/1982","09/16/1982","","",""
"912794AT1","Bill","13-Week","03/08/1982","03/11/1982","06/10/1982","","",""
"912794AY0","Bill","26-Week","03/08/1982","03/11/1982","09/09/1982","","",""
"912794AS3","Bill","13-Week","03/01/1982","03/04/1982","06/03/1982","","",""
"912794BK9","Bill","26-Week","03/01/1982","03/04/1982","09/02/1982","","",""
"912827MY5","Note","5-Year 2-Month","02/24/1982","03/03/1982","05/15/1987","","Semi-Annual","14.000%"
"912794AR5","Bill","13-Week","02/22/1982","02/25/1982","05/27/1982","","",""
"912794BJ2","Bill","26-Week","02/22/1982","02/25/1982","08/26/1982","","",""
"912794BZ6","Bill","52-Week","02/18/1982","02/25/1982","02/24/1983","","",""
"912827MX7","Note","2-Year","02/17/1982","03/01/1982","02/29/1984","","Semi-Annual","15.125%"
"9127937H3","Bill","13-Week","02/16/1982","02/18/1982","05/20/1982","","",""
"912794BH6","Bill","26-Week","02/16/1982","02/18/1982","08/19/1982","","",""
"912794AQ7","Bill","13-Week","02/08/1982","02/11/1982","05/13/1982","","",""
"912794AX2","Bill","26-Week","02/08/1982","02/11/1982","08/12/1982","","",""
"912810CY2","Bond","29-Year 9-Month","02/04/1982","02/16/1982","11/15/2011","","Semi-Annual","14.000%"
"912827MW9","Note","10-Year","02/03/1982","02/16/1982","02/15/1992","","Semi-Annual","14.625%"
"912827MV1","Note","3-Year","02/02/1982","02/16/1982","02/15/1985","","Semi-Annual","14.625%"
"912794AP9","Bill","13-Week","02/01/1982","02/04/1982","05/06/1982","","",""
"912794BG8","Bill","26-Week","02/01/1982","02/04/1982","08/05/1982","","",""
"912794AN4","Bill","13-Week","01/25/1982","01/28/1982","04/29/1982","","",""
"912794BF0","Bill","26-Week","01/25/1982","01/28/1982","07/29/1982","","",""
"912794BY9","Bill","52-Week","01/21/1982","01/28/1982","01/27/1983","","",""
"912827MU3","Note","2-Year","01/20/1982","02/01/1982","01/31/1984","","Semi-Annual","15.000%"
"9127937G5","Bill","13-Week","01/18/1982","01/21/1982","04/22/1982","","",""
"912794BE3","Bill","26-Week","01/18/1982","01/21/1982","07/22/1982","","",""
"912794AM6","Bill","13-Week","01/11/1982","01/14/1982","04/15/1982","","",""
"912794AW4","Bill","26-Week","01/11/1982","01/14/1982","07/15/1982","","",""
"912827MT6","Note","7-Year","01/06/1982","01/13/1982","01/15/1989","","Semi-Annual","14.625%"
"912794AL8","Bill","13-Week","01/04/1982","01/07/1982","04/08/1982","","",""
"912794BD5","Bill","26-Week","01/04/1982","01/07/1982","07/08/1982","","",""
"912810CZ9","Bond","20-Year 1-Month","12/30/1981","01/06/1982","02/15/2002","","Semi-Annual","14.250%"
"9127937J9","Bill","163-Day","12/29/1981","01/05/1982","06/17/1982","","",""
"912794AK0","Bill","13-Week","12/28/1981","12/31/1981","04/01/1982","","",""
"912794AV6","Bill","26-Week","12/28/1981","12/31/1981","07/01/1982","","",""
"912794BC7","Bill","52-Week","12/23/1981","12/31/1981","12/30/1982","","",""
"912827MS8","Note","4-Year","12/22/1981","12/31/1981","12/31/1985","","Semi-Annual","14.125%"
"9127938H2","Bill","13-Week","12/21/1981","12/24/1981","03/25/1982","","",""
"912794AU8","Bill","26-Week","12/21/1981","12/24/1981","06/24/1982","","",""
"912827MR0","Note","2-Year","12/16/1981","12/31/1981","12/31/1983","","Semi-Annual","13.000%"
"912794AJ3","Bill","13-Week","12/14/1981","12/17/1981","03/18/1982","","",""
"9127937J9","Bill","26-Week","12/14/1981","12/17/1981","06/17/1982","","",""
"912794AH7","Bill","13-Week","12/07/1981","12/10/1981","03/11/1982","","",""
"912794AT1","Bill","26-Week","12/07/1981","12/10/1981","06/10/1982","","",""
"912794AC8","Bill","45-Day","12/01/1981","12/07/1981","01/21/1982","","",""
"9127937G5","Bill","136-Day","12/01/1981","12/07/1981","04/22/1982","","",""
"912794AG9","Bill","13-Week","11/30/1981","12/03/1981","03/04/1982","","",""
"912794AS3","Bill","26-Week","11/30/1981","12/03/1981","06/03/1982","","",""
"912794BB9","Bill","52-Week","11/25/1981","12/03/1981","12/02/1982","","",""
"912827MQ2","Note","5-Year 2-Month","11/24/1981","12/02/1981","02/15/1987","","Semi-Annual","12.750%"
"9127938G4","Bill","13-Week","11/23/1981","11/27/1981","02/25/1982","","",""
"912794AR5","Bill","26-Week","11/23/1981","11/27/1981","05/27/1982","","",""
"912827MP4","Note","2-Year","11/18/1981","11/30/1981","11/30/1983","","Semi-Annual","12.125%"
"912794AF1","Bill","13-Week","11/16/1981","11/19/1981","02/18/1982","","",""
"9127937H3","Bill","26-Week","11/16/1981","11/19/1981","05/20/1982","","",""
"912794AE4","Bill","13-Week","11/09/1981","11/12/1981","02/11/1982","","",""
"912794AQ7","Bill","26-Week","11/09/1981","11/12/1981","05/13/1982","","",""
"912810CY2","Bond","30-Year","11/05/1981","11/16/1981","11/15/2011","","Semi-Annual","14.000%"
"912827MN9","Note","10-Year","11/04/1981","11/16/1981","11/15/1991","","Semi-Annual","14.250%"
"912827MM1","Note","3-Year","11/02/1981","11/16/1981","11/15/1984","","Semi-Annual","14.375%"
"912794AD6","Bill","13-Week","11/02/1981","11/05/1981","02/04/1982","","",""
"912794AP9","Bill","26-Week","11/02/1981","11/05/1981","05/06/1982","","",""
"912794BA1","Bill","52-Week","10/29/1981","11/05/1981","11/04/1982","","",""
"9127937F7","Bill","13-Week","10/26/1981","10/29/1981","01/28/1982","","",""
"912794AN4","Bill","26-Week","10/26/1981","10/29/1981","04/29/1982","","",""
"912827ML3","Note","2-Year","10/21/1981","11/02/1981","10/31/1983","","Semi-Annual","15.500%"
"912794AC8","Bill","13-Week","10/19/1981","10/22/1981","01/21/1982","","",""
"9127937G5","Bill","26-Week","10/19/1981","10/22/1981","04/22/1982","","",""
"912794AB0","Bill","13-Week","10/09/1981","10/15/1981","01/14/1982","","",""
"912794AM6","Bill","26-Week","10/09/1981","10/15/1981","04/15/1982","","",""
"912827MK5","Note","7-Year","10/07/1981","10/14/1981","10/15/1988","","Semi-Annual","15.375%"
"912794AA2","Bill","13-Week","10/05/1981","10/08/1981","01/07/1982","","",""
"912794AL8","Bill","26-Week","10/05/1981","10/08/1981","04/08/1982","","",""
"912794AZ7","Bill","52-Week","10/01/1981","10/08/1981","10/07/1982","","",""
"912810CX4","Bond","20-Year 1-Month","09/30/1981","10/07/1981","11/15/2001","","Semi-Annual","15.750%"
"9127938F6","Bill","13-Week","09/30/1981","10/01/1981","12/31/1981","","",""
"912794AK0","Bill","26-Week","09/30/1981","10/01/1981","04/01/1982","","",""
"912827MJ8","Note","4-Year","09/23/1981","09/30/1981","09/30/1985","","Semi-Annual","15.875%"
"9127938E9","Bill","13-Week","09/21/1981","09/24/1981","12/24/1981","","",""
"9127938H2","Bill","26-Week","09/21/1981","09/24/1981","03/25/1982","","",""
"912827MH2","Note","2-Year","09/16/1981","09/30/1981","09/30/1983","","Semi-Annual","16.000%"
"9127938D1","Bill","13-Week","09/14/1981","09/17/1981","12/17/1981","","",""
"912794AJ3","Bill","26-Week","09/14/1981","09/17/1981","03/18/1982","","",""
"9127938C3","Bill","13-Week","09/04/1981","09/10/1981","12/10/1981","","",""
"912794AH7","Bill","26-Week","09/04/1981","09/10/1981","03/11/1982","","",""
"912794AY0","Bill","52-Week","09/03/1981","09/10/1981","09/09/1982","","",""
"9127937T7","Bill","9-Day","09/02/1981","09/08/1981","09/17/1981","","",""
"9127937B6","Bill","13-Week","08/31/1981","09/03/1981","12/03/1981","","",""
"912794AG9","Bill","26-Week","08/31/1981","09/03/1981","03/04/1982","","",""
"9127937T7","Bill","16-Day","08/28/1981","09/01/1981","09/17/1981","","",""
"912827MG4","Note","5-Year 2-Month","08/27/1981","09/08/1981","11/15/1986","","Semi-Annual","16.125%"
"9127938B5","Bill","13-Week","08/24/1981","08/27/1981","11/27/1981","","",""
"9127938G4","Bill","26-Week","08/24/1981","08/27/1981","02/25/1982","","",""
"912827MF6","Note","2-Year","08/20/1981","08/31/1981","08/31/1983","","Semi-Annual","16.250%"
"9127938A7","Bill","13-Week","08/17/1981","08/20/1981","11/19/1981","","",""
"912794AF1","Bill","26-Week","08/17/1981","08/20/1981","02/18/1982","","",""
"9127937Z3","Bill","13-Week","08/10/1981","08/13/1981","11/12/1981","","",""
"912794AE4","Bill","26-Week","08/10/1981","08/13/1981","02/11/1982","","",""
"912794AX2","Bill","52-Week","08/07/1981","08/13/1981","08/12/1982","","",""
"912810CV8","Bond","29-Year 9-Month","08/06/1981","08/17/1981","05/15/2011","","Semi-Annual","13.875%"
"912827ME9","Note","10-Year","08/05/1981","08/17/1981","08/15/1991","","Semi-Annual","14.875%"
"912827MD1","Note","3-Year 3-Month","08/04/1981","08/17/1981","11/15/1984","","Semi-Annual","16.000%"
"9127937A8","Bill","13-Week","08/03/1981","08/06/1981","11/05/1981","","",""
"912794AD6","Bill","26-Week","08/03/1981","08/06/1981","02/04/1982","","",""
"9127937R1","Bill","23-Day","07/31/1981","08/04/1981","08/27/1981","","",""
"9127937Y6","Bill","13-Week","07/27/1981","07/30/1981","10/29/1981","","",""
"9127937F7","Bill","26-Week","07/27/1981","07/30/1981","01/28/1982","","",""
"912827MC3","Note","2-Year","07/22/1981","07/31/1981","07/31/1983","","Semi-Annual","15.875%"
"9127937X8","Bill","13-Week","07/20/1981","07/23/1981","10/22/1981","","",""
"912794AC8","Bill","26-Week","07/20/1981","07/23/1981","01/21/1982","","",""
"9127937W0","Bill","13-Week","07/13/1981","07/16/1981","10/15/1981","","",""
"912794AB0","Bill","26-Week","07/13/1981","07/16/1981","01/14/1982","","",""
"912794AW4","Bill","52-Week","07/09/1981","07/16/1981","07/15/1982","","",""
"9127936Z4","Bill","13-Week","07/06/1981","07/09/1981","10/08/1981","","",""
"912794AA2","Bill","26-Week","07/06/1981","07/09/1981","01/07/1982","","",""
"912827MB5","Note","7-Year","06/30/1981","07/07/1981","07/15/1988","","Semi-Annual","14.000%"
"9127937V2","Bill","13-Week","06/29/1981","07/02/1981","10/01/1981","","",""
"9127938F6","Bill","26-Week","06/29/1981","07/02/1981","12/31/1981","","",""
"912810CW6","Bond","20-Year 1-Month","06/25/1981","07/02/1981","08/15/2001","","Semi-Annual","13.375%"
"912827MA7","Note","4-Year","06/23/1981","06/30/1981","06/30/1985","","Semi-Annual","14.000%"
"9127937U4","Bill","13-Week","06/22/1981","06/25/1981","09/24/1981","","",""
"9127938E9","Bill","26-Week","06/22/1981","06/25/1981","12/24/1981","","",""
"912827LZ3","Note","2-Year","06/18/1981","06/30/1981","06/30/1983","","Semi-Annual","14.625%"
"9127937T7","Bill","13-Week","06/15/1981","06/18/1981","09/17/1981","","",""
"9127938D1","Bill","26-Week","06/15/1981","06/18/1981","12/17/1981","","",""
"9127937J9","Bill","52-Week","06/11/1981","06/18/1981","06/17/1982","","",""
"9127936Y7","Bill","13-Week","06/08/1981","06/11/1981","09/10/1981","","",""
"9127938C3","Bill","26-Week","06/08/1981","06/11/1981","12/10/1981","","",""
"9127936C5","Bill","15-Day","06/03/1981","06/03/1981","06/18/1981","","",""
"9127936V3","Bill","20-Day","06/02/1981","06/05/1981","06/25/1981","","",""
"9127937S9","Bill","13-Week","06/01/1981","06/04/1981","09/03/1981","","",""
"9127937B6","Bill","26-Week","06/01/1981","06/04/1981","12/03/1981","","",""
"912827LY6","Note","5-Year 5-Month","05/28/1981","06/03/1981","11/15/1986","","Semi-Annual","13.875%"
"9127937R1","Bill","13-Week","05/22/1981","05/28/1981","08/27/1981","","",""
"9127938B5","Bill","26-Week","05/22/1981","05/28/1981","11/27/1981","","",""
"912827LX8","Note","2-Year","05/20/1981","06/01/1981","05/31/1983","","Semi-Annual","15.625%"
"9127937Q3","Bill","13-Week","05/18/1981","05/21/1981","08/20/1981","","",""
"9127938A7","Bill","26-Week","05/18/1981","05/21/1981","11/19/1981","","",""
"9127937H3","Bill","52-Week","05/14/1981","05/21/1981","05/20/1982","","",""
"9127936X9","Bill","13-Week","05/11/1981","05/14/1981","08/13/1981","","",""
"9127937Z3","Bill","26-Week","05/11/1981","05/14/1981","11/12/1981","","",""
"912810CV8","Bond","30-Year","05/07/1981","05/15/1981","05/15/2011","","Semi-Annual","13.875%"
"912827LW0","Note","10-Year","05/06/1981","05/15/1981","05/15/1991","","Semi-Annual","14.500%"
"912827LV2","Note","3-Year","05/05/1981","05/15/1981","05/15/1984","","Semi-Annual","15.750%"
"9127937P5","Bill","13-Week","05/04/1981","05/07/1981","08/06/1981","","",""
"9127937A8","Bill","26-Week","05/04/1981","05/07/1981","11/05/1981","","",""
"9127937N0","Bill","13-Week","04/27/1981","04/30/1981","07/30/1981","","",""
"9127937Y6","Bill","26-Week","04/27/1981","04/30/1981","10/29/1981","","",""
"912827LU4","Note","2-Year","04/22/1981","04/30/1981","04/30/1983","","Semi-Annual","14.500%"
"9127937M2","Bill","13-Week","04/20/1981","04/23/1981","07/23/1981","","",""
"9127937X8","Bill","26-Week","04/20/1981","04/23/1981","10/22/1981","","",""
"9127937G5","Bill","52-Week","04/16/1981","04/23/1981","04/22/1982","","",""
"9127936W1","Bill","13-Week","04/13/1981","04/16/1981","07/16/1981","","",""
"9127937W0","Bill","26-Week","04/13/1981","04/16/1981","10/15/1981","","",""
"9127937L4","Bill","13-Week","04/06/1981","04/09/1981","07/09/1981","","",""
"9127936Z4","Bill","26-Week","04/06/1981","04/09/1981","10/08/1981","","",""
"912827LT7","Note","7-Year","03/31/1981","04/06/1981","04/15/1988","","Semi-Annual","13.250%"
"9127937K6","Bill","13-Week","03/30/1981","04/02/1981","07/02/1981","","",""
"9127937V2","Bill","26-Week","03/30/1981","04/02/1981","10/01/1981","","",""
"912810CU0","Bond","20-Year 1-Month","03/26/1981","04/02/1981","05/15/2001","","Semi-Annual","13.125%"
"9127936A9","Bill","22-Day","03/25/1981","04/01/1981","04/23/1981","","",""
"912827LS9","Note","4-Year","03/24/1981","03/31/1981","03/31/1985","","Semi-Annual","13.375%"
"9127936V3","Bill","13-Week","03/23/1981","03/26/1981","06/25/1981","","",""
"9127937U4","Bill","26-Week","03/23/1981","03/26/1981","09/24/1981","","",""
"9127938H2","Bill","52-Week","03/19/1981","03/26/1981","03/25/1982","","",""
"912827LR1","Note","2-Year","03/18/1981","03/31/1981","03/31/1983","","Semi-Annual","12.625%"
"9127936C5","Bill","13-Week","03/16/1981","03/19/1981","06/18/1981","","",""
"9127937T7","Bill","26-Week","03/16/1981","03/19/1981","09/17/1981","","",""
"9127936U5","Bill","13-Week","03/09/1981","03/12/1981","06/11/1981","","",""
"9127936Y7","Bill","26-Week","03/09/1981","03/12/1981","09/10/1981","","",""
"9127936N1","Bill","38-Day","03/04/1981","03/09/1981","04/16/1981","","",""
"9127936T8","Bill","13-Week","03/02/1981","03/05/1981","06/04/1981","","",""
"9127937S9","Bill","26-Week","03/02/1981","03/05/1981","09/03/1981","","",""
"912827LQ3","Note","5-Year 2-Month","02/26/1981","03/04/1981","05/15/1986","","Semi-Annual","13.750%"
"912827LP5","Note","2-Year","02/24/1981","03/02/1981","02/28/1983","","Semi-Annual","13.875%"
"9127936S0","Bill","13-Week","02/23/1981","02/26/1981","05/28/1981","","",""
"9127937R1","Bill","26-Week","02/23/1981","02/26/1981","08/27/1981","","",""
"9127938G4","Bill","52-Week","02/19/1981","02/26/1981","02/25/1982","","",""
"9127936C5","Bill","114-Day","02/18/1981","02/24/1981","06/18/1981","","",""
"9127936B7","Bill","13-Week","02/13/1981","02/19/1981","05/21/1981","","",""
"9127937Q3","Bill","26-Week","02/13/1981","02/19/1981","08/20/1981","","",""
"9127936R2","Bill","13-Week","02/09/1981","02/12/1981","05/14/1981","","",""
"9127936X9","Bill","26-Week","02/09/1981","02/12/1981","08/13/1981","","",""
"912810CS5","Bond","29-Year 9-Month","02/05/1981","02/17/1981","11/15/2010","","Semi-Annual","12.750%"
"912827LF7","Note","9-Year 9-Month","02/04/1981","02/17/1981","11/15/1990","","Semi-Annual","13.000%"
"912827LN0","Note","3-Year 6-Month","02/03/1981","02/17/1981","08/15/1984","","Semi-Annual","13.250%"
"9127936Q4","Bill","13-Week","02/02/1981","02/05/1981","05/07/1981","","",""
"9127937P5","Bill","26-Week","02/02/1981","02/05/1981","08/06/1981","","",""
"9127936P6","Bill","13-Week","01/26/1981","01/29/1981","04/30/1981","","",""
"9127937N0","Bill","26-Week","01/26/1981","01/29/1981","07/30/1981","","",""
"9127937F7","Bill","52-Week","01/22/1981","01/29/1981","01/28/1982","","",""
"912827LM2","Note","2-Year","01/21/1981","02/02/1981","01/31/1983","","Semi-Annual","13.625%"
"9127936A9","Bill","13-Week","01/19/1981","01/22/1981","04/23/1981","","",""
"9127937M2","Bill","26-Week","01/19/1981","01/22/1981","07/23/1981","","",""
"9127936N1","Bill","13-Week","01/12/1981","01/15/1981","04/16/1981","","",""
"9127936W1","Bill","26-Week","01/12/1981","01/15/1981","07/16/1981","","",""
"912810CT3","Bond","20-Year 1-Month","01/06/1981","01/12/1981","02/15/2001","","Semi-Annual","11.750%"
"9127936M3","Bill","13-Week","01/05/1981","01/08/1981","04/09/1981","","",""
"9127937L4","Bill","26-Week","01/05/1981","01/08/1981","07/09/1981","","",""
"9127936D3","Bill","16-Day","12/30/1980","01/06/1981","01/22/1981","","",""
"912827LL4","Note","7-Year","12/30/1980","01/05/1981","01/15/1988","","Semi-Annual","12.375%"
"9127936L5","Bill","13-Week","12/29/1980","01/02/1981","04/02/1981","","",""
"9127937K6","Bill","26-Week","12/29/1980","01/02/1981","07/02/1981","","",""
"9127938F6","Bill","52-Week","12/23/1980","01/02/1981","12/31/1981","","",""
"9127936P6","Bill","120-Day","12/23/1980","12/31/1980","04/30/1981","","",""
"9127935Z5","Bill","13-Week","12/22/1980","12/26/1980","03/26/1981","","",""
"9127936V3","Bill","26-Week","12/22/1980","12/26/1980","06/25/1981","","",""
"912827LK6","Note","4-Year","12/18/1980","12/31/1980","12/31/1984","","Semi-Annual","14.000%"
"912827LJ9","Note","2-Year","12/16/1980","12/31/1980","12/31/1982","","Semi-Annual","15.125%"
"9127936K7","Bill","13-Week","12/15/1980","12/18/1980","03/19/1981","","",""
"9127936C5","Bill","26-Week","12/15/1980","12/18/1980","06/18/1981","","",""
"9127936J0","Bill","13-Week","12/08/1980","12/11/1980","03/12/1981","","",""
"9127936U5","Bill","26-Week","12/08/1980","12/11/1980","06/11/1981","","",""
"912827LH3","Note","5-Year 2-Month","12/03/1980","12/08/1980","02/15/1986","","Semi-Annual","13.500%"
"9127936A9","Bill","141-Day","12/02/1980","12/03/1980","04/23/1981","","",""
"9127936H4","Bill","13-Week","12/01/1980","12/04/1980","03/05/1981","","",""
"9127936T8","Bill","26-Week","12/01/1980","12/04/1980","06/04/1981","","",""
"9127937B6","Bill","52-Week","11/26/1980","12/04/1980","12/03/1981","","",""
"912827LG5","Note","2-Year","11/25/1980","12/01/1980","11/30/1982","","Semi-Annual","13.875%"
"9127935Y8","Bill","13-Week","11/24/1980","11/28/1980","02/26/1981","","",""
"9127936S0","Bill","26-Week","11/24/1980","11/28/1980","05/28/1981","","",""
"9127936G6","Bill","13-Week","11/17/1980","11/20/1980","02/19/1981","","",""
"9127936B7","Bill","26-Week","11/17/1980","11/20/1980","05/21/1981","","",""
"9127937E0","Bill","44-Day","11/12/1980","11/17/1980","12/31/1980","","",""
"9127936F8","Bill","13-Week","11/10/1980","11/13/1980","02/12/1981","","",""
"9127936R2","Bill","26-Week","11/10/1980","11/13/1980","05/14/1981","","",""
"912810CS5","Bond","30-Year","11/07/1980","11/17/1980","11/15/2010","","Semi-Annual","12.750%"
"912827LF7","Note","10-Year","11/06/1980","11/17/1980","11/15/1990","","Semi-Annual","13.000%"
"912827LE0","Note","3-Year 6-Month","11/05/1980","11/17/1980","05/15/1984","","Semi-Annual","13.250%"
"9127936E1","Bill","13-Week","11/03/1980","11/06/1980","02/05/1981","","",""
"9127936Q4","Bill","26-Week","11/03/1980","11/06/1980","05/07/1981","","",""
"9127937A8","Bill","52-Week","10/30/1980","11/06/1980","11/05/1981","","",""
"9127935X0","Bill","13-Week","10/27/1980","10/30/1980","01/29/1981","","",""
"9127936P6","Bill","26-Week","10/27/1980","10/30/1980","04/30/1981","","",""
"912827LD2","Note","2-Year","10/22/1980","10/31/1980","10/31/1982","","Semi-Annual","12.125%"
"9127936D3","Bill","13-Week","10/20/1980","10/23/1980","01/22/1981","","",""
"9127936A9","Bill","26-Week","10/20/1980","10/23/1980","04/23/1981","","",""
"9127935V4","Bill","13-Week","10/10/1980","10/16/1980","01/15/1981","","",""
"9127936N1","Bill","26-Week","10/10/1980","10/16/1980","04/16/1981","","",""
"9127936Z4","Bill","52-Week","10/08/1980","10/14/1980","10/08/1981","","",""
"912810CR7","Bond","15-Year 1-Month","10/07/1980","10/14/1980","11/15/1995","","Semi-Annual","11.500%"
"9127935U6","Bill","13-Week","10/06/1980","10/09/1980","01/08/1981","","",""
"9127936M3","Bill","26-Week","10/06/1980","10/09/1980","04/09/1981","","",""
"9127935W2","Bill","13-Week","09/29/1980","10/02/1980","01/02/1981","","",""
"9127936L5","Bill","26-Week","09/29/1980","10/02/1980","04/02/1981","","",""
"912827LC4","Note","4-Year","09/23/1980","09/30/1980","09/30/1984","","Semi-Annual","12.125%"
"9127935T9","Bill","13-Week","09/22/1980","09/25/1980","12/26/1980","","",""
"9127935Z5","Bill","26-Week","09/22/1980","09/25/1980","03/26/1981","","",""
"912827LB6","Note","2-Year","09/18/1980","09/30/1980","09/30/1982","","Semi-Annual","11.875%"
"9127935S1","Bill","13-Week","09/15/1980","09/18/1980","12/18/1980","","",""
"9127936K7","Bill","26-Week","09/15/1980","09/18/1980","03/19/1981","","",""
"9127936Y7","Bill","52-Week","09/10/1980","09/16/1980","09/10/1981","","",""
"9127935R3","Bill","13-Week","09/08/1980","09/11/1980","12/11/1980","","",""
"9127936J0","Bill","26-Week","09/08/1980","09/11/1980","03/12/1981","","",""
"9127934S2","Bill","13-Week","08/29/1980","09/04/1980","12/04/1980","","",""
"9127936H4","Bill","26-Week","08/29/1980","09/04/1980","03/05/1981","","",""
"912827LA8","Note","5-Year 2-Month","08/27/1980","09/03/1980","11/15/1985","","Semi-Annual","11.750%"
"9127935Q5","Bill","13-Week","08/25/1980","08/28/1980","11/28/1980","","",""
"9127935Y8","Bill","26-Week","08/25/1980","08/28/1980","02/26/1981","","",""
"912827KZ4","Note","2-Year","08/20/1980","09/02/1980","08/31/1982","","Semi-Annual","11.125%"
"9127935P7","Bill","13-Week","08/18/1980","08/21/1980","11/20/1980","","",""
"9127936G6","Bill","26-Week","08/18/1980","08/21/1980","02/19/1981","","",""
"9127936X9","Bill","52-Week","08/13/1980","08/19/1980","08/13/1981","","",""
"9127935N2","Bill","13-Week","08/11/1980","08/14/1980","11/13/1980","","",""
"9127936F8","Bill","26-Week","08/11/1980","08/14/1980","02/12/1981","","",""
"912810CK2","Bond","29-Year 3-Month","08/07/1980","08/15/1980","11/15/2009","","Semi-Annual","10.375%"
"912827KY7","Note","10-Year","08/06/1980","08/15/1980","08/15/1990","","Semi-Annual","10.750%"
"912827KX9","Note","3-Year 3-Month","08/05/1980","08/15/1980","11/15/1983","","Semi-Annual","9.875%"
"9127934R4","Bill","13-Week","08/04/1980","08/07/1980","11/06/1980","","",""
"9127936E1","Bill","26-Week","08/04/1980","08/07/1980","02/05/1981","","",""
"9127934P8","Bill","43-Day","07/29/1980","08/04/1980","09/16/1980","","",""
"9127935M4","Bill","13-Week","07/28/1980","07/31/1980","10/30/1980","","",""
"9127935X0","Bill","26-Week","07/28/1980","07/31/1980","01/29/1981","","",""
"912827KW1","Note","2-Year","07/23/1980","07/31/1980","07/31/1982","","Semi-Annual","8.875%"
"9127935L6","Bill","13-Week","07/21/1980","07/24/1980","10/23/1980","","",""
"9127936D3","Bill","26-Week","07/21/1980","07/24/1980","01/22/1981","","",""
"9127936W1","Bill","52-Week","07/16/1980","07/22/1980","07/16/1981","","",""
"9127935K8","Bill","13-Week","07/14/1980","07/17/1980","10/16/1980","","",""
"9127935V4","Bill","26-Week","07/14/1980","07/17/1980","01/15/1981","","",""
"9127935J1","Bill","13-Week","07/07/1980","07/10/1980","10/09/1980","","",""
"9127935U6","Bill","26-Week","07/07/1980","07/10/1980","01/08/1981","","",""
"912810CQ9","Bond","14-Year 10-Month","07/02/1980","07/09/1980","05/15/1995","","Semi-Annual","10.375%"
"9127935H5","Bill","13-Week","06/30/1980","07/03/1980","10/02/1980","","",""
"9127935W2","Bill","26-Week","06/30/1980","07/03/1980","01/02/1981","","",""
"912827KV3","Note","4-Year","06/24/1980","06/30/1980","06/30/1984","","Semi-Annual","8.875%"
"9127935G7","Bill","13-Week","06/23/1980","06/26/1980","09/25/1980","","",""
"9127935T9","Bill","26-Week","06/23/1980","06/26/1980","12/26/1980","","",""
"912827KU5","Note","2-Year","06/19/1980","06/30/1980","06/30/1982","","Semi-Annual","8.625%"
"9127936C5","Bill","52-Week","06/18/1980","06/24/1980","06/18/1981","","",""
"9127935F9","Bill","13-Week","06/16/1980","06/19/1980","09/18/1980","","",""
"9127935S1","Bill","26-Week","06/16/1980","06/19/1980","12/18/1980","","",""
"9127935E2","Bill","13-Week","06/09/1980","06/12/1980","09/11/1980","","",""
"9127935R3","Bill","26-Week","06/09/1980","06/12/1980","12/11/1980","","",""
"912827KT8","Note","5-Year 2-Month","06/03/1980","06/05/1980","08/15/1985","","Semi-Annual","9.625%"
"9127935D4","Bill","13-Week","06/02/1980","06/05/1980","09/04/1980","","",""
"9127934S2","Bill","26-Week","06/02/1980","06/05/1980","12/04/1980","","",""
"912827KS0","Note","2-Year","06/02/1980","06/04/1980","05/31/1982","","Semi-Annual","9.375%"
"9127934H6","Bill","2-Day","06/02/1980","06/03/1980","06/05/1980","","",""
"9127934J2","Bill","13-Day","05/30/1980","05/30/1980","06/12/1980","","",""
"9127937C4","Bill","19-Day","05/27/1980","05/29/1980","06/17/1980","","",""
"9127935C6","Bill","13-Week","05/23/1980","05/29/1980","08/28/1980","","",""
"9127935Q5","Bill","26-Week","05/23/1980","05/29/1980","11/28/1980","","",""
"9127936B7","Bill","52-Week","05/21/1980","05/27/1980","05/21/1981","","",""
"9127935B8","Bill","13-Week","05/19/1980","05/22/1980","08/21/1980","","",""
"9127935P7","Bill","26-Week","05/19/1980","05/22/1980","11/20/1980","","",""
"9127935A0","Bill","13-Week","05/12/1980","05/15/1980","08/14/1980","","",""
"9127935N2","Bill","26-Week","05/12/1980","05/15/1980","11/13/1980","","",""
"912810CP1","Bond","30-Year","05/08/1980","05/15/1980","05/15/2010","","Semi-Annual","10.000%"
"912827KC5","Note","9-Year 6-Month","05/07/1980","05/15/1980","11/15/1989","","Semi-Annual","10.750%"
"912827KR2","Note","3-Year 3-Month","05/06/1980","05/15/1980","08/15/1983","","Semi-Annual","9.250%"
"9127934Z6","Bill","13-Week","05/05/1980","05/08/1980","08/07/1980","","",""
"9127934R4","Bill","26-Week","05/05/1980","05/08/1980","11/06/1980","","",""
"9127934Y9","Bill","13-Week","04/28/1980","05/01/1980","07/31/1980","","",""
"9127935M4","Bill","26-Week","04/28/1980","05/01/1980","10/30/1980","","",""
"9127936A9","Bill","52-Week","04/23/1980","04/29/1980","04/23/1981","","",""
"912827KQ4","Note","2-Year","04/22/1980","04/30/1980","04/30/1982","","Semi-Annual","11.375%"
"9127934X1","Bill","13-Week","04/21/1980","04/24/1980","07/24/1980","","",""
"9127935L6","Bill","26-Week","04/21/1980","04/24/1980","10/23/1980","","",""
"9127934W3","Bill","13-Week","04/14/1980","04/17/1980","07/17/1980","","",""
"9127935K8","Bill","26-Week","04/14/1980","04/17/1980","10/16/1980","","",""
"9127934V5","Bill","13-Week","04/07/1980","04/10/1980","07/10/1980","","",""
"9127935J1","Bill","26-Week","04/07/1980","04/10/1980","10/09/1980","","",""
"912810CN6","Bond","15-Year 1-Month","04/02/1980","04/08/1980","05/15/1995","","Semi-Annual","12.625%"
"9127934L7","Bill","80-Day","04/01/1980","04/07/1980","06/26/1980","","",""
"9127934U7","Bill","13-Week","03/31/1980","04/03/1980","07/03/1980","","",""
"9127935H5","Bill","26-Week","03/31/1980","04/03/1980","10/02/1980","","",""
"9127934K9","Bill","77-Day","03/27/1980","04/03/1980","06/19/1980","","",""
"9127935Z5","Bill","52-Week","03/26/1980","04/01/1980","03/26/1981","","",""
"912827KP6","Note","4-Year","03/25/1980","03/31/1980","03/31/1984","","Semi-Annual","14.250%"
"9127934L7","Bill","13-Week","03/24/1980","03/27/1980","06/26/1980","","",""
"9127935G7","Bill","26-Week","03/24/1980","03/27/1980","09/25/1980","","",""
"912827KN1","Note","2-Year","03/20/1980","03/31/1980","03/31/1982","","Semi-Annual","15.000%"
"9127934C7","Bill","37-Day","03/20/1980","03/25/1980","05/01/1980","","",""
"9127934K9","Bill","13-Week","03/17/1980","03/20/1980","06/19/1980","","",""
"9127935F9","Bill","26-Week","03/17/1980","03/20/1980","09/18/1980","","",""
"9127934J2","Bill","13-Week","03/10/1980","03/13/1980","06/12/1980","","",""
"9127935E2","Bill","26-Week","03/10/1980","03/13/1980","09/11/1980","","",""
"9127934A1","Bill","43-Day","03/04/1980","03/05/1980","04/17/1980","","",""
"9127934H6","Bill","13-Week","03/03/1980","03/06/1980","06/05/1980","","",""
"9127935D4","Bill","26-Week","03/03/1980","03/06/1980","09/04/1980","","",""
"9127935Y8","Bill","52-Week","02/27/1980","03/04/1980","02/26/1981","","",""
"912827KM3","Note","5-Year 2-Month","02/26/1980","03/03/1980","05/15/1985","","Semi-Annual","14.375%"
"9127934G8","Bill","13-Week","02/25/1980","02/28/1980","05/29/1980","","",""
"9127935C6","Bill","26-Week","02/25/1980","02/28/1980","08/28/1980","","",""
"912827KL5","Note","2-Year","02/20/1980","02/29/1980","02/28/1982","","Semi-Annual","13.875%"
"9127934F0","Bill","13-Week","02/15/1980","02/21/1980","05/22/1980","","",""
"9127935B8","Bill","26-Week","02/15/1980","02/21/1980","08/21/1980","","",""
"9127934E3","Bill","13-Week","02/11/1980","02/14/1980","05/15/1980","","",""
"9127935A0","Bill","26-Week","02/11/1980","02/14/1980","08/14/1980","","",""
"912810CM8","Bond","30-Year","02/07/1980","02/15/1980","02/15/2010","","Semi-Annual","11.750%"
"912827KK7","Note","7-Year 3-Month","02/06/1980","02/15/1980","05/15/1987","","Semi-Annual","12.000%"
"912827KJ0","Note","3-Year 6-Month","02/05/1980","02/15/1980","08/15/1983","","Semi-Annual","11.875%"
"9127934D5","Bill","13-Week","02/04/1980","02/07/1980","05/08/1980","","",""
"9127934Z6","Bill","26-Week","02/04/1980","02/07/1980","08/07/1980","","",""
"9127935X0","Bill","52-Week","01/30/1980","02/05/1980","01/29/1981","","",""
"9127934C7","Bill","13-Week","01/28/1980","01/31/1980","05/01/1980","","",""
"9127934Y9","Bill","26-Week","01/28/1980","01/31/1980","07/31/1980","","",""
"912827KH4","Note","2-Year","01/23/1980","01/31/1980","01/31/1982","","Semi-Annual","11.500%"
"9127934B9","Bill","13-Week","01/21/1980","01/24/1980","04/24/1980","","",""
"9127934X1","Bill","26-Week","01/21/1980","01/24/1980","07/24/1980","","",""
"9127934A1","Bill","13-Week","01/14/1980","01/17/1980","04/17/1980","","",""
"9127934W3","Bill","26-Week","01/14/1980","01/17/1980","07/17/1980","","",""
"9127933Z7","Bill","13-Week","01/07/1980","01/10/1980","04/10/1980","","",""
"9127934V5","Bill","26-Week","01/07/1980","01/10/1980","07/10/1980","","",""
"912810CL0","Bond","15-Year 1-Month","01/03/1980","01/10/1980","02/15/1995","","Semi-Annual","10.500%"
"9127935W2","Bill","52-Week","01/02/1980","01/08/1980","01/02/1981","","",""
"9127933Y0","Bill","13-Week","12/28/1979","01/03/1980","04/03/1980","","",""
"9127934U7","Bill","26-Week","12/28/1979","01/03/1980","07/03/1980","","",""
"912810CK2","Bond","30-Year","11/01/1979","11/15/1979","11/15/2009","","Semi-Annual","10.375%"
"912827KC5","Note","10-Year","10/31/1979","11/15/1979","11/15/1989","","Semi-Annual","10.750%"